{"cameraMode":{"drawMode":0,"name":"Shaded","section":"Shading Mode"},"sceneLighting":true,"audioPlay":false,"sceneViewState":{"m_AlwaysRefresh":true,"showFog":true,"showSkybox":true,"showFlares":true,"showImageEffects":true,"showParticleSystems":true,"showVisualEffectGraphs":true,"m_FxEnabled":true},"in2DMode":false,"pivot":{"x":-1.8624916076660157,"y":3.4540090560913088,"z":3.4673690795898439},"rotation":{"x":0.06128901243209839,"y":-0.7944087386131287,"z":0.08131193369626999,"w":0.5987877249717712},"size":15.254837989807129,"orthographic":false}