{"cameraMode":{"drawMode":0,"name":"Shaded","section":"Shading Mode"},"sceneLighting":true,"audioPlay":false,"sceneViewState":{"m_AlwaysRefresh":true,"showFog":true,"showSkybox":true,"showFlares":true,"showImageEffects":true,"showParticleSystems":true,"showVisualEffectGraphs":true,"m_FxEnabled":true},"in2DMode":false,"pivot":{"x":0.3024866580963135,"y":10.833504676818848,"z":1.3982621431350709},"rotation":{"x":0.0028603989630937578,"y":-0.7720052599906921,"z":0.0034739342518150808,"w":0.6356027126312256},"size":1.4660253524780274,"orthographic":false}