{"cameraMode":{"drawMode":0,"name":"Shaded","section":"Shading Mode"},"sceneLighting":true,"audioPlay":false,"sceneViewState":{"m_AlwaysRefresh":true,"showFog":true,"showSkybox":true,"showFlares":true,"showImageEffects":true,"showParticleSystems":true,"showVisualEffectGraphs":true,"m_FxEnabled":true},"in2DMode":false,"pivot":{"x":-42.800682067871097,"y":-16.549711227416993,"z":-83.11473083496094},"rotation":{"x":-0.008352959528565407,"y":0.9913834929466248,"z":-0.10328662395477295,"w":-0.08017910271883011},"size":45.71046829223633,"orthographic":false}