{"cameraMode":{"drawMode":0,"name":"Shaded","section":"Shading Mode"},"sceneLighting":true,"audioPlay":false,"sceneViewState":{"m_AlwaysRefresh":true,"showFog":true,"showSkybox":true,"showFlares":true,"showImageEffects":true,"showParticleSystems":true,"showVisualEffectGraphs":true,"m_FxEnabled":true},"in2DMode":false,"pivot":{"x":-834.7359619140625,"y":-139.5506591796875,"z":-404.68865966796877},"rotation":{"x":-0.044592298567295077,"y":0.8508445620536804,"z":-0.07318990677595139,"w":-0.5183847546577454},"size":478.39874267578127,"orthographic":false}