{"cameraMode":{"drawMode":0,"name":"Shaded","section":"Shading Mode"},"sceneLighting":true,"audioPlay":false,"sceneViewState":{"m_AlwaysRefresh":true,"showFog":true,"showSkybox":true,"showFlares":true,"showImageEffects":true,"showParticleSystems":true,"showVisualEffectGraphs":true,"m_FxEnabled":true},"in2DMode":false,"pivot":{"x":2.1792678833007814,"y":2.470517635345459,"z":-3.210724353790283},"rotation":{"x":0.09701461344957352,"y":-0.08201514929533005,"z":0.008021918125450611,"w":0.9918664693832398},"size":4.115392684936523,"orthographic":false}