{"cameraMode":{"drawMode":0,"name":"Shaded","section":"Shading Mode"},"sceneLighting":true,"audioPlay":false,"sceneViewState":{"m_AlwaysRefresh":true,"showFog":true,"showSkybox":true,"showFlares":true,"showImageEffects":true,"showParticleSystems":true,"showVisualEffectGraphs":true,"m_FxEnabled":true},"in2DMode":false,"pivot":{"x":-3.5513522624969484,"y":-2.7905635833740236,"z":7.276943206787109},"rotation":{"x":0.20350609719753266,"y":-0.0718894675374031,"z":0.014984595589339733,"w":0.9763172268867493},"size":13.287703514099121,"orthographic":false}