{"cameraMode":{"drawMode":0,"name":"Shaded","section":"Shading Mode"},"sceneLighting":true,"audioPlay":false,"sceneViewState":{"m_AlwaysRefresh":true,"showFog":true,"showSkybox":true,"showFlares":true,"showImageEffects":true,"showParticleSystems":true,"showVisualEffectGraphs":true,"m_FxEnabled":true},"in2DMode":false,"pivot":{"x":1291.14892578125,"y":1011.6891479492188,"z":1381.885986328125},"rotation":{"x":0.031175890937447549,"y":0.024582775309681894,"z":0.0007669462938793004,"w":-0.9992111921310425},"size":1468.0474853515625,"orthographic":false}