{"cameraMode":{"drawMode":0,"name":"Shaded","section":"Shading Mode"},"sceneLighting":true,"audioPlay":false,"sceneViewState":{"m_AlwaysRefresh":true,"showFog":true,"showSkybox":true,"showFlares":true,"showImageEffects":true,"showParticleSystems":true,"showVisualEffectGraphs":true,"m_FxEnabled":true},"in2DMode":false,"pivot":{"x":-27.705873489379884,"y":13.665180206298829,"z":33.1859130859375},"rotation":{"x":-0.003560360288247466,"y":0.9763067960739136,"z":-0.21575979888439179,"w":-0.016110524535179139},"size":16.90999984741211,"orthographic":false}