{"cameraMode":{"drawMode":0,"name":"Shaded","section":"Shading Mode"},"sceneLighting":true,"audioPlay":false,"sceneViewState":{"m_AlwaysRefresh":true,"showFog":true,"showSkybox":true,"showFlares":true,"showImageEffects":true,"showParticleSystems":true,"showVisualEffectGraphs":true,"m_FxEnabled":true},"in2DMode":false,"pivot":{"x":3.84954833984375,"y":-4.492828369140625,"z":6.9347381591796879},"rotation":{"x":0.008363358676433564,"y":0.9536270499229431,"z":-0.29969996213912966,"w":0.02661137655377388},"size":37.27263641357422,"orthographic":false}