{"cameraMode":{"drawMode":0,"name":"Shaded","section":"Shading Mode"},"sceneLighting":true,"audioPlay":false,"sceneViewState":{"m_AlwaysRefresh":true,"showFog":true,"showSkybox":true,"showFlares":true,"showImageEffects":true,"showParticleSystems":true,"showVisualEffectGraphs":true,"m_FxEnabled":true},"in2DMode":false,"pivot":{"x":-20.37934684753418,"y":9.363335609436036,"z":-16.996553421020509},"rotation":{"x":-0.08846161514520645,"y":0.8597019910812378,"z":-0.15938088297843934,"w":-0.47716307640075686},"size":1.7715568542480469,"orthographic":false}