{"cameraMode":{"drawMode":0,"name":"Shaded","section":"Shading Mode"},"sceneLighting":true,"audioPlay":false,"sceneViewState":{"m_AlwaysRefresh":true,"showFog":true,"showSkybox":true,"showFlares":true,"showImageEffects":true,"showParticleSystems":true,"showVisualEffectGraphs":true,"m_FxEnabled":true},"in2DMode":false,"pivot":{"x":0.3273015022277832,"y":-0.9043312072753906,"z":-18.10049819946289},"rotation":{"x":0.0009532785043120384,"y":0.9572604894638062,"z":-0.2892061471939087,"w":0.0031551974825561048},"size":47.04042053222656,"orthographic":false}