{"cameraMode":{"drawMode":0,"name":"Shaded","section":"Shading Mode"},"sceneLighting":false,"audioPlay":false,"sceneViewState":{"m_AlwaysRefresh":true,"showFog":true,"showSkybox":true,"showFlares":true,"showImageEffects":true,"showParticleSystems":true,"showVisualEffectGraphs":true,"m_FxEnabled":true},"in2DMode":false,"pivot":{"x":28.102420806884767,"y":-12.9986572265625,"z":-48.45182800292969},"rotation":{"x":-0.002333971206098795,"y":-0.9679412245750427,"z":0.25107765197753909,"w":-0.008990025147795678},"size":74.83216094970703,"orthographic":false}